Using Entropy,Using min remaining words
bises,bises
boofy,
booky,
,bowls
boxed,
,cowls
eases,eases
,eaves
faffs,faffs
fangs,
fents,
finks,finks
folly,
foxed,
gages,gages
gases,gases
gazes,gazes
,haffs
,jades
janes,janes
jells,jells
jests,jests
jibes,jibes
jills,jills
jinks,jinks
jolly,jolly
jooks,jooks
,jumps
,mumps
nines,nines
nones,nones
pents,
,polly
sages,sages
sazes,sazes
sexes,sexes
sines,sines
sises,sises
sizes,sizes
sones,sones
sooks,sooks
,vades
vanes,vanes
vangs,
,vases
vells,vells
vests,vests
vills,vills
vines,vines
waffs,
wexes,wexes
,zaxes
zills,zills
